mean,std
0.2880857586860657,0.21479026973247528
0.2880857586860657,0.21479026973247528
0.2880857586860657,0.21479026973247528
