mean,std
0.22406505048274994,0.25239378213882446
0.22406505048274994,0.25239378213882446
0.22406505048274994,0.25239378213882446
