mean,std
0.2891591191291809,0.21527957916259766
0.2880857586860657,0.21479026973247528
0.2906307578086853,0.21549901366233826
